root,indicative_present_2p_s,indicative_present_1p_s,indicative_present_1p_p,indicative_present_3p_s,indicative_present_3p_p,indicative_preterite_2p_s,indicative_preterite_1p_s,indicative_preterite_1p_p,indicative_preterite_3p_s,indicative_preterite_3p_p,indicative_present_perfect_2p_s,indicative_present_perfect_1p_s,indicative_present_perfect_1p_p,indicative_present_perfect_3p_s,indicative_present_perfect_3p_p,indicative_imperfect_2p_s,indicative_imperfect_1p_s,indicative_imperfect_1p_p,indicative_imperfect_3p_s,indicative_imperfect_3p_p,indicative_future_2p_s,indicative_future_1p_s,indicative_future_1p_p,indicative_future_3p_s,indicative_future_3p_p,indicative_past_perfect_2p_s,indicative_past_perfect_1p_s,indicative_past_perfect_1p_p,indicative_past_perfect_3p_s,indicative_past_perfect_3p_p
ser,eres,soy,somos,es,son,fuiste,fui,fuimos,fue,fueron,has sido,he sido,hemos sido,ha sido,han sido,eras,era,éramos,era,eran,serás,seré,seremos,será,serán,habías sido,había sido,habíamos sido,había sido,habían sido
ver,ves,veo,vemos,ve,ven,viste,vi,vimos,vio,vieron,has visto,he visto,hemos visto,ha visto,han visto,veías,veía,veíamos,veía,veían,verás,veré,veremos,verá,verán,habías visto,había visto,habíamos visto,había visto,habían visto
venir,vienes,vengo,venimos,viene,vienen,viniste,vine,vinimos,vino,vinieron,has venido,he venido,hemos venido,ha venido,han venido,venías,venía,veníamos,venía,venían,vendrás,vendré,vendremos,vendrá,vendrán,habías venido,había venido,habíamos venido,había venido,habían venido
ir,vas,voy,vamos,va,van,fuiste,fui,fuimos,fue,fueron,has ido,he ido,hemos ido,ha ido,han ido,ibas,iba,íbamos,iba,iban,irás,iré,iremos,irá,irán,habías ido,había ido,habíamos ido,había ido,habían ido
volver,vuelves,vuelvo,volvemos,vuelve,vuelven,volviste,volví,volvimos,volvió,volvieron,has vuelto,he vuelto,hemos vuelto,ha vuelto,han vuelto,volvías,volvía,volvíamos,volvía,volvían,volverás,volveré,volveremos,volverá,volverán,habías vuelto,había vuelto,habíamos vuelto,había vuelto,habían vuelto
hacer,haces,hago,hacemos,hace,hacen,hiciste,hice,hicimos,hizo,hicieron,has hacido,he hacido,hemos hacido,ha hacido,han hacido,hacías,hacía,hacíamos,hacía,hacían,harás,haré,haremos,hará,harán,habías hacido,había hacido,habíamos hacido,había hacido,habían hacido
estar,estás,estoy,estamos,está,están,estuviste,estuve,estuvimos,estuvo,estuvieron,has estado,he estado,hemos estado,ha estado,han estado,estabas,estaba,estábamos,estaba,estaban,estarás,estaré,estaremos,estará,estarán,habías estado,había estado,habíamos estado,había estado,habían estado
tener,tienes,tengo,tenemos,tiene,tienen,tuviste,tuve,tuvimos,tuvo,tuvieron,has tenido,he tenido,hemos tenido,ha tenido,han tenido,tenías,tenía,teníamos,tenía,tenían,tendrás,tendré,tendremos,tendrá,tendrán,habías tenido,había tenido,habíamos tenido,había tenido,habían tenido
llegar,llegas,llego,llegamos,llega,llegan,llegaste,llegé,llegamos,llegó,llegaron,has llegado,he llegado,hemos llegado,ha llegado,han llegado,llegabas,llegaba,llegábamos,llegaba,llegaban,llegarás,llegaré,llegaremos,llegará,llegarán,habías llegado,había llegado,habíamos llegado,había llegado,habían llegado
llevar,llevas,llevo,llevamos,lleva,llevan,llevaste,llevé,llevamos,llevó,llevaron,has llevado,he llevado,hemos llevado,ha llevado,han llevado,llevabas,llevaba,llevábamos,llevaba,llevaban,llevarás,llevaré,llevaremos,llevará,llevarán,habías llevado,había llevado,habíamos llevado,había llevado,habían llevado
salir,sales,salgo,salimos,sale,salen,saliste,salí,salimos,salió,salieron,has salido,he salido,hemos salido,ha salido,han salido,salías,salía,salíamos,salía,salían,salirás,saliré,saliremos,salirá,salirán,habías salido,había salido,habíamos salido,había salido,habían salido
haber,has,he,hemos,ha,han,hubiste,hube,hubimos,hubo,hubieron,has habido,he habido,hemos habido,ha habido,han habido,habías,había,habíamos,había,habían,haberás,haberé,haberemos,haberá,haberán,habías habido,había habido,habíamos habido,había habido,habían habido
hablar,hablas,hablo,hablamos,habla,hablan,hablaste,hablé,hablamos,habló,hablaron,has hablado,he hablado,hemos hablado,ha hablado,han hablado,hablabas,hablaba,hablábamos,hablaba,hablaban,hablarás,hablaré,hablaremos,hablará,hablarán,habías hablado,había hablado,habíamos hablado,había hablado,habían hablado
comer,comes,como,comemos,come,comen,comiste,comí,comimos,comió,comieron,has comido,he comido,hemos comido,ha comido,han comido,comías,comía,comíamos,comía,comían,comerás,comeré,comeremos,comerá,comerán,habías comido,había comido,habíamos comido,había comido,habían comido
vivir,vives,vivo,vivimos,vive,viven,viviste,viví,vivimos,vivió,vivieron,has vivido,he vivido,hemos vivido,ha vivido,han vivido,vivías,vivía,vivíamos,vivía,vivían,vivirás,viviré,viviremos,vivirá,vivirán,habías vivido,había vivido,habíamos vivido,había vivido,habían vivido
decir,dices,digo,decimos,dice,dicen,dijiste,dije,dijimos,dijo,dijeron,has dicho,he dicho,hemos dicho,ha dicho,han dicho,decías,decía,decíamos,decía,decían,decirás,deciré,deciremos,decirá,decirán,habías dicho,había dicho,habíamos dicho,había dicho,habían dicho
levantar,levantas,levanto,levantamos,levanta,levantan,levantaste,levanté,levantamos,levantó,levantaron,has levantado,he levantado,hemos levantado,ha levantado,han levantado,levantabas,levantaba,levantábamos,levantaba,levantaban,levantarás,levantaré,levantaremos,levantará,levantarán,habías levantado,había levantado,habíamos levantado,había levantado,habían levantado
querer,quieres,quiero,queremos,quiere,quieren,quisiste,quise,quisimos,quiso,quisieron,has querido,he querido,hemos querido,ha querido,han querido,querías,quería,queríamos,quería,querían,quererás,quereré,quereremos,quererá,quererán,habías querido,había querido,habíamos querido,había querido,habían querido
creer,crees,creo,creemos,cree,creen,creiste,creí,creimos,creió,creieron,has creido,he creido,hemos creido,ha creido,han creido,creías,creía,creíamos,creía,creían,creerás,creeré,creeremos,creerá,creerán,habías creido,había creido,habíamos creido,había creido,habían creido
parecer,pareces,pareco,parecemos,parece,parecen,pareciste,parecí,parecimos,pareció,parecieron,has parecido,he parecido,hemos parecido,ha parecido,han parecido,parecías,parecía,parecíamos,parecía,parecían,parecerás,pareceré,pareceremos,parecerá,parecerán,habías parecido,había parecido,habíamos parecido,había parecido,habían parecido
obligar,obligas,obligo,obligamos,obliga,obligan,obligaste,obligé,obligamos,obligó,obligaron,has obligado,he obligado,hemos obligado,ha obligado,han obligado,obligabas,obligaba,obligábamos,obligaba,obligaban,obligarás,obligaré,obligaremos,obligará,obligarán,habías obligado,había obligado,habíamos obligado,había obligado,habían obligado
saber,sabes,sé,sabemos,sabe,saben,supiste,supe,supimos,supo,supieron,has sabido,he sabido,hemos sabido,ha sabido,han sabido,sabías,sabía,sabíamos,sabía,sabían,sabrás,sabré,sabremos,sabrá,sabrán,habías sabido,había sabido,habíamos sabido,había sabido,habían sabido
doler,dueles,duelo,dolemos,duele,duelen,doliste,dolí,dolimos,dolió,dolieron,has dolido,he dolido,hemos dolido,ha dolido,han dolido,dolías,dolía,dolíamos,dolía,dolían,dolerás,doleré,doleremos,dolerá,dolerán,habías dolido,había dolido,habíamos dolido,había dolido,habían dolido
poder,puedes,puedo,podemos,puede,pueden,pudiste,pude,pudimos,pudo,pudieron,has podido,he podido,hemos podido,ha podido,han podido,podías,podía,podíamos,podía,podían,poderás,poderé,poderemos,poderá,poderán,habías podido,había podido,habíamos podido,había podido,habían podido
despertar,despertas,desperto,despertamos,desperta,despertan,despertaste,desperté,despertamos,despertó,despertaron,has despertado,he despertado,hemos despertado,ha despertado,han despertado,despertabas,despertaba,despertábamos,despertaba,despertaban,despertarás,despertaré,despertaremos,despertará,despertarán,habías despertado,había despertado,habíamos despertado,había despertado,habían despertado
gustar,gustas,gusto,gustamos,gusta,gustan,gustaste,gusté,gustamos,gustó,gustaron,has gustado,he gustado,hemos gustado,ha gustado,han gustado,gustabas,gustaba,gustábamos,gustaba,gustaban,gustarás,gustaré,gustaremos,gustará,gustarán,habías gustado,había gustado,habíamos gustado,había gustado,habían gustado
trabajar,trabajas,trabajo,trabajamos,trabaja,trabajan,trabajaste,trabajé,trabajamos,trabajó,trabajaron,has trabajado,he trabajado,hemos trabajado,ha trabajado,han trabajado,trabajabas,trabajaba,trabajábamos,trabajaba,trabajaban,trabajarás,trabajaré,trabajaremos,trabajará,trabajarán,habías trabajado,había trabajado,habíamos trabajado,había trabajado,habían trabajado
amar,amas,amo,amamos,ama,aman,amaste,amé,amamos,amó,amaron,has amado,he amado,hemos amado,ha amado,han amado,amabas,amaba,amábamos,amaba,amaban,amarás,amaré,amaremos,amará,amarán,habías amado,había amado,habíamos amado,había amado,habían amado
dar,das,doy,damos,da,dan,diste,di,dimos,dio,dieron,has dado,he dado,hemos dado,ha dado,han dado,dabas,daba,dábamos,daba,daban,darás,daré,daremos,dará,darán,habías dado,había dado,habíamos dado,había dado,habían dado
regalar,regalas,regalo,regalamos,regala,regalan,regalaste,regalé,regalamos,regaló,regalaron,has regalado,he regalado,hemos regalado,ha regalado,han regalado,regalabas,regalaba,regalábamos,regalaba,regalaban,regalarás,regalaré,regalaremos,regalará,regalarán,habías regalado,había regalado,habíamos regalado,había regalado,habían regalado
olvidar,olvidas,olvido,olvidamos,olvida,olvidan,olvidaste,olvidé,olvidamos,olvidó,olvidaron,has olvidado,he olvidado,hemos olvidado,ha olvidado,han olvidado,olvidabas,olvidaba,olvidábamos,olvidaba,olvidaban,olvidarás,olvidaré,olvidaremos,olvidará,olvidarán,habías olvidado,había olvidado,habíamos olvidado,había olvidado,habían olvidado
comenzar,comienzas,comienzo,comenzamos,comienza,comienzan,comenzaste,comencé,comenzamos,comenzó,comenzaron,has comenzado,he comenzado,hemos comenzado,ha comenzado,han comenzado,comenzabas,comenzaba,comenzábamos,comenzaba,comenzaban,comenzarás,comenzaré,comenzaremos,comenzará,comenzarán,habías comenzado,había comenzado,habíamos comenzado,había comenzado,habían comenzado
estudiar,estudias,estudio,estudiamos,estudia,estudian,estudiaste,estudié,estudiamos,estudió,estudiaron,has estudiado,he estudiado,hemos estudiado,ha estudiado,han estudiado,estudiabas,estudiaba,estudiábamos,estudiaba,estudiaban,estudiarás,estudiaré,estudiaremos,estudiará,estudiarán,habías estudiado,había estudiado,habíamos estudiado,había estudiado,habían estudiado
cepillar,cepillas,cepillo,cepillamos,cepilla,cepillan,cepillaste,cepillé,cepillamos,cepilló,cepillaron,has cepillado,he cepillado,hemos cepillado,ha cepillado,han cepillado,cepillabas,cepillaba,cepillábamos,cepillaba,cepillaban,cepillarás,cepillaré,cepillaremos,cepillará,cepillarán,habías cepillado,había cepillado,habíamos cepillado,había cepillado,habían cepillado
acostar,acostas,acosto,acostamos,acosta,acostan,acostaste,acosté,acostamos,acostó,acostaron,has acostado,he acostado,hemos acostado,ha acostado,han acostado,acostabas,acostaba,acostábamos,acostaba,acostaban,acostarás,acostaré,acostaremos,acostará,acostarán,habías acostado,había acostado,habíamos acostado,había acostado,habían acostado
prestar,prestas,presto,prestamos,presta,prestan,prestaste,presté,prestamos,prestó,prestaron,has prestado,he prestado,hemos prestado,ha prestado,han prestado,prestabas,prestaba,prestábamos,prestaba,prestaban,prestarás,prestaré,prestaremos,prestará,prestarán,habías prestado,había prestado,habíamos prestado,había prestado,habían prestado
saludar,saludas,saludo,saludamos,saluda,saludan,saludaste,saludé,saludamos,saludó,saludaron,has saludado,he saludado,hemos saludado,ha saludado,han saludado,saludabas,saludaba,saludábamos,saludaba,saludaban,saludarás,saludaré,saludaremos,saludará,saludarán,habías saludado,había saludado,habíamos saludado,había saludado,habían saludado
comprar,compras,compro,compramos,compra,compran,compraste,compré,compramos,compró,compraron,has comprado,he comprado,hemos comprado,ha comprado,han comprado,comprabas,compraba,comprábamos,compraba,compraban,comprarás,compraré,compraremos,comprará,comprarán,habías comprado,había comprado,habíamos comprado,había comprado,habían comprado
tomar,tomas,tomo,tomamos,toma,toman,tomaste,tomé,tomamos,tomó,tomaron,has tomado,he tomado,hemos tomado,ha tomado,han tomado,tomabas,tomaba,tomábamos,tomaba,tomaban,tomarás,tomaré,tomaremos,tomará,tomarán,habías tomado,había tomado,habíamos tomado,había tomado,habían tomado
conocer,conoces,conoco,conocemos,conoce,conocen,conociste,conocí,conocimos,conoció,conocieron,has conocido,he conocido,hemos conocido,ha conocido,han conocido,conocías,conocía,conocíamos,conocía,conocían,conocerás,conoceré,conoceremos,conocerá,conocerán,habías conocido,había conocido,habíamos conocido,había conocido,habían conocido
encontrar,encuentras,encuentro,encontramos,encuentra,encuentran,encontraste,encontré,encontramos,encontró,encontraron,has encontrado,he encontrado,hemos encontrado,ha encontrado,han encontrado,encontrabas,encontraba,encontrábamos,encontraba,encontraban,encontrarás,encontraré,encontraremos,encontrará,encontrarán,habías encontrado,había encontrado,habíamos encontrado,había encontrado,habían encontrado
divertir,divertes,diverto,divertimos,diverte,diverten,divertiste,divertí,divertimos,divertió,divertieron,has divertido,he divertido,hemos divertido,ha divertido,han divertido,divertías,divertía,divertíamos,divertía,divertían,divertirás,divertiré,divertiremos,divertirá,divertirán,habías divertido,había divertido,habíamos divertido,había divertido,habían divertido
deber,debes,debo,debemos,debe,deben,debiste,debí,debimos,debió,debieron,has debido,he debido,hemos debido,ha debido,han debido,debías,debía,debíamos,debía,debían,deberás,deberé,deberemos,deberá,deberán,habías debido,había debido,habíamos debido,había debido,habían debido
encantar,encantas,encanto,encantamos,encanta,encantan,encantaste,encanté,encantamos,encantó,encantaron,has encantado,he encantado,hemos encantado,ha encantado,han encantado,encantabas,encantaba,encantábamos,encantaba,encantaban,encantarás,encantaré,encantaremos,encantará,encantarán,habías encantado,había encantado,habíamos encantado,había encantado,habían encantado
discutir,discutes,discuto,discutimos,discute,discuten,discutiste,discutí,discutimos,discutió,discutieron,has discutido,he discutido,hemos discutido,ha discutido,han discutido,discutías,discutía,discutíamos,discutía,discutían,discutirás,discutiré,discutiremos,discutirá,discutirán,habías discutido,había discutido,habíamos discutido,había discutido,habían discutido
elegir,eleges,elego,elegimos,elege,elegen,elegiste,elegí,elegimos,elegió,elegieron,has elegido,he elegido,hemos elegido,ha elegido,han elegido,elegías,elegía,elegíamos,elegía,elegían,elegirás,elegiré,elegiremos,elegirá,elegirán,habías elegido,había elegido,habíamos elegido,había elegido,habían elegido
nacer,naces,naco,nacemos,nace,nacen,naciste,nací,nacimos,nació,nacieron,has nacido,he nacido,hemos nacido,ha nacido,han nacido,nacías,nacía,nacíamos,nacía,nacían,nacerás,naceré,naceremos,nacerá,nacerán,habías nacido,había nacido,habíamos nacido,había nacido,habían nacido
mandar,mandas,mando,mandamos,manda,mandan,mandaste,mandé,mandamos,mandó,mandaron,has mandado,he mandado,hemos mandado,ha mandado,han mandado,mandabas,mandaba,mandábamos,mandaba,mandaban,mandarás,mandaré,mandaremos,mandará,mandarán,habías mandado,había mandado,habíamos mandado,había mandado,habían mandado
escribir,escribes,escribo,escribimos,escribe,escriben,escribiste,escribí,escribimos,escribió,escribieron,has escrito,he escrito,hemos escrito,ha escrito,han escrito,escribías,escribía,escribíamos,escribía,escribían,escribirás,escribiré,escribiremos,escribirá,escribirán,habías escrito,había escrito,habíamos escrito,había escrito,habían escrito
beber,bebes,bebo,bebemos,bebe,beben,bebiste,bebí,bebimos,bebió,bebieron,has bebido,he bebido,hemos bebido,ha bebido,han bebido,bebías,bebía,bebíamos,bebía,bebían,beberás,beberé,beberemos,beberá,beberán,habías bebido,había bebido,habíamos bebido,había bebido,habían bebido
coger,coges,cogo,cogemos,coge,cogen,cogiste,cogí,cogimos,cogió,cogieron,has cogido,he cogido,hemos cogido,ha cogido,han cogido,cogías,cogía,cogíamos,cogía,cogían,cogerás,cogeré,cogeremos,cogerá,cogerán,habías cogido,había cogido,habíamos cogido,había cogido,habían cogido
caminar,caminas,camino,caminamos,camina,caminan,caminaste,caminé,caminamos,caminó,caminaron,has caminado,he caminado,hemos caminado,ha caminado,han caminado,caminabas,caminaba,caminábamos,caminaba,caminaban,caminarás,caminaré,caminaremos,caminará,caminarán,habías caminado,había caminado,habíamos caminado,había caminado,habían caminado
dejar,dejas,dejo,dejamos,deja,dejan,dejaste,dejé,dejamos,dejó,dejaron,has dejado,he dejado,hemos dejado,ha dejado,han dejado,dejabas,dejaba,dejábamos,dejaba,dejaban,dejarás,dejaré,dejaremos,dejará,dejarán,habías dejado,había dejado,habíamos dejado,había dejado,habían dejado
preparar,preparas,preparo,preparamos,prepara,preparan,preparaste,preparé,preparamos,preparó,prepararon,has preparado,he preparado,hemos preparado,ha preparado,han preparado,preparabas,preparaba,preparábamos,preparaba,preparaban,prepararás,prepararé,prepararemos,preparará,prepararán,habías preparado,había preparado,habíamos preparado,había preparado,habían preparado
prestar,prestas,presto,prestamos,presta,prestan,prestaste,presté,prestamos,prestó,prestaron,has prestado,he prestado,hemos prestado,ha prestado,han prestado,prestabas,prestaba,prestábamos,prestaba,prestaban,prestarás,prestaré,prestaremos,prestará,prestarán,habías prestado,había prestado,habíamos prestado,había prestado,habían prestado
pensar,piensas,pienso,pensamos,piensa,piensan,pensaste,pensé,pensamos,pensó,pensaron,has pensado,he pensado,hemos pensado,ha pensado,han pensado,pensabas,pensaba,pensábamos,pensaba,pensaban,pensarás,pensaré,pensaremos,pensará,pensarán,habías pensado,había pensado,habíamos pensado,había pensado,habían pensado
preferir,preferes,prefero,preferimos,prefere,preferen,preferiste,preferí,preferimos,preferió,preferieron,has preferido,he preferido,hemos preferido,ha preferido,han preferido,preferías,prefería,preferíamos,prefería,preferían,preferirás,preferiré,preferiremos,preferirá,preferirán,habías preferido,había preferido,habíamos preferido,había preferido,habían preferido
vender,vendes,vendo,vendemos,vende,venden,vendiste,vendí,vendimos,vendió,vendieron,has vendido,he vendido,hemos vendido,ha vendido,han vendido,vendías,vendía,vendíamos,vendía,vendían,venderás,venderé,venderemos,venderá,venderán,habías vendido,había vendido,habíamos vendido,había vendido,habían vendido
besar,besas,beso,besamos,besa,besan,besaste,besé,besamos,besó,besaron,has besado,he besado,hemos besado,ha besado,han besado,besabas,besaba,besábamos,besaba,besaban,besarás,besaré,besaremos,besará,besarán,habías besado,había besado,habíamos besado,había besado,habían besado
recordar,recuerdas,recuerdo,recordamos,recuerda,recuerdan,recordaste,recordé,recordamos,recordó,recordaron,has recordado,he recordado,hemos recordado,ha recordado,han recordado,recordabas,recordaba,recordábamos,recordaba,recordaban,recordarás,recordaré,recordaremos,recordará,recordarán,habías recordado,había recordado,habíamos recordado,había recordado,habían recordado
sentir,sentes,sento,sentimos,sente,senten,sentiste,sentí,sentimos,sentió,sentieron,has sentido,he sentido,hemos sentido,ha sentido,han sentido,sentías,sentía,sentíamos,sentía,sentían,sentirás,sentiré,sentiremos,sentirá,sentirán,habías sentido,había sentido,habíamos sentido,había sentido,habían sentido
tocar,tocas,toco,tocamos,toca,tocan,tocaste,tocé,tocamos,tocó,tocaron,has tocado,he tocado,hemos tocado,ha tocado,han tocado,tocabas,tocaba,tocábamos,tocaba,tocaban,tocarás,tocaré,tocaremos,tocará,tocarán,habías tocado,había tocado,habíamos tocado,había tocado,habían tocado
leer,lees,leo,leemos,lee,leen,leiste,leí,leimos,leió,leieron,has leído,he leído,hemos leído,ha leído,han leído,leías,leía,leíamos,leía,leían,leerás,leeré,leeremos,leerá,leerán,habías leído,había leído,habíamos leído,había leído,habían leído
enterar,enteras,entero,enteramos,entera,enteran,enteraste,enteré,enteramos,enteró,enteraron,has enterado,he enterado,hemos enterado,ha enterado,han enterado,enterabas,enteraba,enterábamos,enteraba,enteraban,enterarás,enteraré,enteraremos,enterará,enterarán,habías enterado,había enterado,habíamos enterado,había enterado,habían enterado
gastar,gastas,gasto,gastamos,gasta,gastan,gastaste,gasté,gastamos,gastó,gastaron,has gastado,he gastado,hemos gastado,ha gastado,han gastado,gastabas,gastaba,gastábamos,gastaba,gastaban,gastarás,gastaré,gastaremos,gastará,gastarán,habías gastado,había gastado,habíamos gastado,había gastado,habían gastado
interesar,interesas,intereso,interesamos,interesa,interesan,interesaste,interesé,interesamos,interesó,interesaron,has interesado,he interesado,hemos interesado,ha interesado,han interesado,interesabas,interesaba,interesábamos,interesaba,interesaban,interesarás,interesaré,interesaremos,interesará,interesarán,habías interesado,había interesado,habíamos interesado,había interesado,habían interesado
guiar,guias,guio,guiamos,guia,guian,guiaste,guié,guiamos,guió,guiaron,has guiado,he guiado,hemos guiado,ha guiado,han guiado,guiabas,guiaba,guiábamos,guiaba,guiaban,guiarás,guiaré,guiaremos,guiará,guiarán,habías guiado,había guiado,habíamos guiado,había guiado,habían guiado
aconsejar,aconsejas,aconsejo,aconsejamos,aconseja,aconsejan,aconsejaste,aconsejé,aconsejamos,aconsejó,aconsejaron,has aconsejado,he aconsejado,hemos aconsejado,ha aconsejado,han aconsejado,aconsejabas,aconsejaba,aconsejábamos,aconsejaba,aconsejaban,aconsejarás,aconsejaré,aconsejaremos,aconsejará,aconsejarán,habías aconsejado,había aconsejado,habíamos aconsejado,había aconsejado,habían aconsejado
aprender,aprendes,aprendo,aprendemos,aprende,aprenden,aprendiste,aprendí,aprendimos,aprendió,aprendieron,has aprendido,he aprendido,hemos aprendido,ha aprendido,han aprendido,aprendías,aprendía,aprendíamos,aprendía,aprendían,aprenderás,aprenderé,aprenderemos,aprenderá,aprenderán,habías aprendido,había aprendido,habíamos aprendido,había aprendido,habían aprendido
quedar,quedas,quedo,quedamos,queda,quedan,quedaste,quedé,quedamos,quedó,quedaron,has quedado,he quedado,hemos quedado,ha quedado,han quedado,quedabas,quedaba,quedábamos,quedaba,quedaban,quedarás,quedaré,quedaremos,quedará,quedarán,habías quedado,había quedado,habíamos quedado,había quedado,habían quedado
llorar,lloras,lloro,lloramos,llora,lloran,lloraste,lloré,lloramos,lloró,lloraron,has llorado,he llorado,hemos llorado,ha llorado,han llorado,llorabas,lloraba,llorábamos,lloraba,lloraban,llorarás,lloraré,lloraremos,llorará,llorarán,habías llorado,había llorado,habíamos llorado,había llorado,habían llorado
oir,oes,oo,oimos,oe,oen,oiste,oí,oimos,oió,oieron,has oido,he oido,hemos oido,ha oido,han oido,oías,oía,oíamos,oía,oían,oirás,oiré,oiremos,oirá,oirán,habías oido,había oido,habíamos oido,había oido,habían oido
bajar,bajas,bajo,bajamos,baja,bajan,bajaste,bajé,bajamos,bajó,bajaron,has bajado,he bajado,hemos bajado,ha bajado,han bajado,bajabas,bajaba,bajábamos,bajaba,bajaban,bajarás,bajaré,bajaremos,bajará,bajarán,habías bajado,había bajado,habíamos bajado,había bajado,habían bajado
prometir,prometes,prometo,prometimos,promete,prometen,prometiste,prometí,prometimos,prometió,prometieron,has prometido,he prometido,hemos prometido,ha prometido,han prometido,prometías,prometía,prometíamos,prometía,prometían,prometirás,prometiré,prometiremos,prometirá,prometirán,habías prometido,había prometido,habíamos prometido,había prometido,habían prometido
contestar,contestas,contesto,contestamos,contesta,contestan,contestaste,contesté,contestamos,contestó,contestaron,has contestado,he contestado,hemos contestado,ha contestado,han contestado,contestabas,contestaba,contestábamos,contestaba,contestaban,contestarás,contestaré,contestaremos,contestará,contestarán,habías contestado,había contestado,habíamos contestado,había contestado,habían contestado
esperar,esperas,espero,esperamos,espera,esperan,esperaste,esperé,esperamos,esperó,esperaron,has esperado,he esperado,hemos esperado,ha esperado,han esperado,esperabas,esperaba,esperábamos,esperaba,esperaban,esperarás,esperaré,esperaremos,esperará,esperarán,habías esperado,había esperado,habíamos esperado,había esperado,habían esperado
aumentar,aumentas,aumento,aumentamos,aumenta,aumentan,aumentaste,aumenté,aumentamos,aumentó,aumentaron,has aumentado,he aumentado,hemos aumentado,ha aumentado,han aumentado,aumentabas,aumentaba,aumentábamos,aumentaba,aumentaban,aumentarás,aumentaré,aumentaremos,aumentará,aumentarán,habías aumentado,había aumentado,habíamos aumentado,había aumentado,habían aumentado
consultar,consultas,consulto,consultamos,consulta,consultan,consultaste,consulté,consultamos,consultó,consultaron,has consultado,he consultado,hemos consultado,ha consultado,han consultado,consultabas,consultaba,consultábamos,consultaba,consultaban,consultarás,consultaré,consultaremos,consultará,consultarán,habías consultado,había consultado,habíamos consultado,había consultado,habían consultado
decidir,decides,decido,decidimos,decide,deciden,decidiste,decidí,decidimos,decidió,decidieron,has decidido,he decidido,hemos decidido,ha decidido,han decidido,decidías,decidía,decidíamos,decidía,decidían,decidirás,decidiré,decidiremos,decidirá,decidirán,habías decidido,había decidido,habíamos decidido,había decidido,habían decidido
participar,participas,participo,participamos,participa,participan,participaste,participé,participamos,participó,participaron,has participado,he participado,hemos participado,ha participado,han participado,participabas,participaba,participábamos,participaba,participaban,participarás,participaré,participaremos,participará,participarán,habías participado,había participado,habíamos participado,había participado,habían participado
avisar,avisas,aviso,avisamos,avisa,avisan,avisaste,avisé,avisamos,avisó,avisaron,has avisado,he avisado,hemos avisado,ha avisado,han avisado,avisabas,avisaba,avisábamos,avisaba,avisaban,avisarás,avisaré,avisaremos,avisará,avisarán,habías avisado,había avisado,habíamos avisado,había avisado,habían avisado
pasar,pasas,paso,pasamos,pasa,pasan,pasaste,pasé,pasamos,pasó,pasaron,has pasado,he pasado,hemos pasado,ha pasado,han pasado,pasabas,pasaba,pasábamos,pasaba,pasaban,pasarás,pasaré,pasaremos,pasará,pasarán,habías pasado,había pasado,habíamos pasado,había pasado,habían pasado
mirar,miras,miro,miramos,mira,miran,miraste,miré,miramos,miró,miraron,has mirado,he mirado,hemos mirado,ha mirado,han mirado,mirabas,miraba,mirábamos,miraba,miraban,mirarás,miraré,miraremos,mirará,mirarán,habías mirado,había mirado,habíamos mirado,había mirado,habían mirado
odiar,odias,odio,odiamos,odia,odian,odiaste,odié,odiamos,odió,odiaron,has odiado,he odiado,hemos odiado,ha odiado,han odiado,odiabas,odiaba,odiábamos,odiaba,odiaban,odiarás,odiaré,odiaremos,odiará,odiarán,habías odiado,había odiado,habíamos odiado,había odiado,habían odiado
remover,removes,removo,removemos,remove,removen,removiste,removí,removimos,removió,removieron,has removido,he removido,hemos removido,ha removido,han removido,removías,removía,removíamos,removía,removían,removerás,removeré,removeremos,removerá,removerán,habías removido,había removido,habíamos removido,había removido,habían removido
desviar,desvias,desvio,desviamos,desvia,desvian,desviaste,desvié,desviamos,desvió,desviaron,has desviado,he desviado,hemos desviado,ha desviado,han desviado,desviabas,desviaba,desviábamos,desviaba,desviaban,desviarás,desviaré,desviaremos,desviará,desviarán,habías desviado,había desviado,habíamos desviado,había desviado,habían desviado
poder,puedes,puedo,podemos,puede,pueden,pudiste,pude,pudimos,pudo,pudieron,has podido,he podido,hemos podido,ha podido,han podido,podías,podía,podíamos,podía,podían,poderás,poderé,poderemos,poderá,poderán,habías podido,había podido,habíamos podido,había podido,habían podido
dedicar,dedicas,dedico,dedicamos,dedica,dedican,dedicaste,dedicé,dedicamos,dedicó,dedicaron,has dedicado,he dedicado,hemos dedicado,ha dedicado,han dedicado,dedicabas,dedicaba,dedicábamos,dedicaba,dedicaban,dedicarás,dedicaré,dedicaremos,dedicará,dedicarán,habías dedicado,había dedicado,habíamos dedicado,había dedicado,habían dedicado
aguantar,aguantas,aguanto,aguantamos,aguanta,aguantan,aguantaste,aguanté,aguantamos,aguantó,aguantaron,has aguantado,he aguantado,hemos aguantado,ha aguantado,han aguantado,aguantabas,aguantaba,aguantábamos,aguantaba,aguantaban,aguantarás,aguantaré,aguantaremos,aguantará,aguantarán,habías aguantado,había aguantado,habíamos aguantado,había aguantado,habían aguantado
aprobar,aprobas,aprobo,aprobamos,aproba,aproban,aprobaste,aprobé,aprobamos,aprobó,aprobaron,has aprobado,he aprobado,hemos aprobado,ha aprobado,han aprobado,aprobabas,aprobaba,aprobábamos,aprobaba,aprobaban,aprobarás,aprobaré,aprobaremos,aprobará,aprobarán,habías aprobado,había aprobado,habíamos aprobado,había aprobado,habían aprobado
seguir,sigues,sigo,seguimos,sigue,siguen,seguiste,seguí,seguimos,seguió,seguieron,has seguido,he seguido,hemos seguido,ha seguido,han seguido,seguías,seguía,seguíamos,seguía,seguían,seguirás,seguiré,seguiremos,seguirá,seguirán,habías seguido,había seguido,habíamos seguido,había seguido,habían seguido
jurar,juras,juro,juramos,jura,juran,juraste,juré,juramos,juró,juraron,has jurado,he jurado,hemos jurado,ha jurado,han jurado,jurabas,juraba,jurábamos,juraba,juraban,jurarás,juraré,juraremos,jurará,jurarán,habías jurado,había jurado,habíamos jurado,había jurado,habían jurado
pedir,pides,pido,pedimos,pide,piden,pediste,pedí,pedimos,pidió,pidieron,has pedido,he pedido,hemos pedido,ha pedido,han pedido,pedías,pedía,pedíamos,pedía,pedían,pedirás,pediré,pediremos,pedirá,pedirán,habías pedido,había pedido,habíamos pedido,había pedido,habían pedido
perder,perdes,perdo,perdemos,perde,perden,perdiste,perdí,perdimos,perdió,perdieron,has perdido,he perdido,hemos perdido,ha perdido,han perdido,perdías,perdía,perdíamos,perdía,perdían,perderás,perderé,perderemos,perderá,perderán,habías perdido,había perdido,habíamos perdido,había perdido,habían perdido
importar,importas,importo,importamos,importa,importan,importaste,importé,importamos,importó,importaron,has importado,he importado,hemos importado,ha importado,han importado,importabas,importaba,importábamos,importaba,importaban,importarás,importaré,importaremos,importará,importarán,habías importado,había importado,habíamos importado,había importado,habían importado
preguntar,preguntas,pregunto,preguntamos,pregunta,preguntan,preguntaste,pregunté,preguntamos,preguntó,preguntaron,has preguntado,he preguntado,hemos preguntado,ha preguntado,han preguntado,preguntabas,preguntaba,preguntábamos,preguntaba,preguntaban,preguntarás,preguntaré,preguntaremos,preguntará,preguntarán,habías preguntado,había preguntado,habíamos preguntado,había preguntado,habían preguntado
invitar,invitas,invito,invitamos,invita,invitan,invitaste,invité,invitamos,invitó,invitaron,has invitado,he invitado,hemos invitado,ha invitado,han invitado,invitabas,invitaba,invitábamos,invitaba,invitaban,invitarás,invitaré,invitaremos,invitará,invitarán,habías invitado,había invitado,habíamos invitado,había invitado,habían invitado
practicar,practicas,practico,practicamos,practica,practican,practicaste,practiqué,practicamos,practicó,practicaron,has practicado,he practicado,hemos practicado,ha practicado,han practicado,practicabas,practicaba,practicábamos,practicaba,practicaban,practicarás,practicaré,practicaremos,practicará,practicarán,habías practicado,había practicado,habíamos practicado,había practicado,habían practicado
guardar,guardas,guardo,guardamos,guarda,guardan,guardaste,guardé,guardamos,guardó,guardaron,has guardado,he guardado,hemos guardado,ha guardado,han guardado,guardabas,guardaba,guardábamos,guardaba,guardaban,guardarás,guardaré,guardaremos,guardará,guardarán,habías guardado,había guardado,habíamos guardado,había guardado,habían guardado
necesitar,necesitas,necesito,necesitamos,necesita,necesitan,necesitaste,necesité,necesitamos,necesitó,necesitaron,has necesitado,he necesitado,hemos necesitado,ha necesitado,han necesitado,necesitabas,necesitaba,necesitábamos,necesitaba,necesitaban,necesitarás,necesitaré,necesitaremos,necesitará,necesitarán,habías necesitado,había necesitado,habíamos necesitado,había necesitado,habían necesitado
romper,rompes,rompo,rompemos,rompe,rompen,rompiste,rompí,rompimos,rompió,rompieron,has rompido,he rompido,hemos rompido,ha rompido,han rompido,rompías,rompía,rompíamos,rompía,rompían,romperás,romperé,romperemos,romperá,romperán,habías rompido,había rompido,habíamos rompido,había rompido,habían rompido
aceptar,aceptas,acepto,aceptamos,acepta,aceptan,aceptaste,acepté,aceptamos,aceptó,aceptaron,has aceptado,he aceptado,hemos aceptado,ha aceptado,han aceptado,aceptabas,aceptaba,aceptábamos,aceptaba,aceptaban,aceptarás,aceptaré,aceptaremos,aceptará,aceptarán,habías aceptado,había aceptado,habíamos aceptado,había aceptado,habían aceptado
realizar,realizas,realizo,realizamos,realiza,realizan,realizaste,realizé,realizamos,realizó,realizaron,has realizado,he realizado,hemos realizado,ha realizado,han realizado,realizabas,realizaba,realizábamos,realizaba,realizaban,realizarás,realizaré,realizaremos,realizará,realizarán,habías realizado,había realizado,habíamos realizado,había realizado,habían realizado
cambiar,cambias,cambio,cambiamos,cambia,cambian,cambiaste,cambié,cambiamos,cambió,cambiaron,has cambiado,he cambiado,hemos cambiado,ha cambiado,han cambiado,cambiabas,cambiaba,cambiábamos,cambiaba,cambiaban,cambiarás,cambiaré,cambiaremos,cambiará,cambiarán,habías cambiado,había cambiado,habíamos cambiado,había cambiado,habían cambiado
caer,caes,caigo,caemos,cae,caen,caíste,caí,caímos,cayó,cayeron,has caido,he caido,hemos caido,ha caido,han caido,caías,caía,caíamos,caía,caían,caerás,caeré,caeremos,caerá,caerán,habías caido,había caido,habíamos caido,había caido,habían caido
apagar,apagas,apago,apagamos,apaga,apagan,apagaste,apagué,apagamos,apagó,apagaron,has apagado,he apagado,hemos apagado,ha apagado,han apagado,apagabas,apagaba,apagábamos,apagaba,apagaban,apagarás,apagaré,apagaremos,apagará,apagarán,habías apagado,había apagado,habíamos apagado,había apagado,habían apagado
prender,prendes,prendo,prendemos,prende,prenden,prendiste,prendí,prendimos,prendió,prendieron,has prendido,he prendido,hemos prendido,ha prendido,han prendido,prendías,prendía,prendíamos,prendía,prendían,prenderás,prenderé,prenderemos,prenderá,prenderán,habías prendido,había prendido,habíamos prendido,había prendido,habían prendido
cerrar,cierras,cierro,cerramos,cierra,cierran,cerraste,cerré,cerramos,cerró,cerraron,has cerrado,he cerrado,hemos cerrado,ha cerrado,han cerrado,cerrabas,cerraba,cerrábamos,cerraba,cerraban,cerrarás,cerraré,cerraremos,cerrará,cerrarán,habías cerrado,había cerrado,habíamos cerrado,había cerrado,habían cerrado
tirar,tiras,tiro,tiramos,tira,tiran,tiraste,tiré,tiramos,tiró,tiraron,has tirado,he tirado,hemos tirado,ha tirado,han tirado,tirabas,tiraba,tirábamos,tiraba,tiraban,tirarás,tiraré,tiraremos,tirará,tirarán,habías tirado,había tirado,habíamos tirado,había tirado,habían tirado
encender,encendes,encendo,encendemos,encende,encenden,encendiste,encendí,encendimos,encendió,encendieron,has encendido,he encendido,hemos encendido,ha encendido,han encendido,encendías,encendía,encendíamos,encendía,encendían,encenderás,encenderé,encenderemos,encenderá,encenderán,habías encendido,había encendido,habíamos encendido,había encendido,habían encendido
removir,removes,removo,removimos,remove,removen,removiste,removí,removimos,removió,removieron,has removido,he removido,hemos removido,ha removido,han removido,removías,removía,removíamos,removía,removían,removirás,removiré,removiremos,removirá,removirán,habías removido,había removido,habíamos removido,había removido,habían removido
cenar,cenas,ceno,cenamos,cena,cenan,cenaste,cené,cenamos,cenó,cenaron,has cenado,he cenado,hemos cenado,ha cenado,han cenado,cenabas,cenaba,cenábamos,cenaba,cenaban,cenarás,cenaré,cenaremos,cenará,cenarán,habías cenado,había cenado,habíamos cenado,había cenado,habían cenado
duchar,duchas,ducho,duchamos,ducha,duchan,duchaste,duché,duchamos,duchó,ducharon,has duchado,he duchado,hemos duchado,ha duchado,han duchado,duchabas,duchaba,duchábamos,duchaba,duchaban,ducharás,ducharé,ducharemos,duchará,ducharán,habías duchado,había duchado,habíamos duchado,había duchado,habían duchado
entrar,entras,entro,entramos,entra,entran,entraste,entré,entramos,entró,entraron,has entrado,he entrado,hemos entrado,ha entrado,han entrado,entrabas,entraba,entrábamos,entraba,entraban,entrarás,entraré,entraremos,entrará,entrarán,habías entrado,había entrado,habíamos entrado,había entrado,habían entrado
probar,pruebas,pruebo,probamos,prueba,prueban,probaste,probé,probamos,probó,probaron,has probado,he probado,hemos probado,ha probado,han probado,probabas,probaba,probábamos,probaba,probaban,probarás,probaré,probaremos,probará,probarán,habías probado,había probado,habíamos probado,había probado,habían probado
compartir,compartes,comparto,compartimos,comparte,comparten,compartiste,compartí,compartimos,compartió,compartieron,has compartido,he compartido,hemos compartido,ha compartido,han compartido,compartías,compartía,compartíamos,compartía,compartían,compartirás,compartiré,compartiremos,compartirá,compartirán,habías compartido,había compartido,habíamos compartido,había compartido,habían compartido
sacar,sacas,saco,sacamos,saca,sacan,sacaste,sacé,sacamos,sacó,sacaron,has sacado,he sacado,hemos sacado,ha sacado,han sacado,sacabas,sacaba,sacábamos,sacaba,sacaban,sacarás,sacaré,sacaremos,sacará,sacarán,habías sacado,había sacado,habíamos sacado,había sacado,habían sacado
limpiar,limpias,limpio,limpiamos,limpia,limpian,limpiaste,limpié,limpiamos,limpió,limpiaron,has limpiado,he limpiado,hemos limpiado,ha limpiado,han limpiado,limpiabas,limpiaba,limpiábamos,limpiaba,limpiaban,limpiarás,limpiaré,limpiaremos,limpiará,limpiarán,habías limpiado,había limpiado,habíamos limpiado,había limpiado,habían limpiado
instalar,instalas,instalo,instalamos,instala,instalan,instalaste,instalé,instalamos,instaló,instalaron,has instalado,he instalado,hemos instalado,ha instalado,han instalado,instalabas,instalaba,instalábamos,instalaba,instalaban,instalarás,instalaré,instalaremos,instalará,instalarán,habías instalado,había instalado,habíamos instalado,había instalado,habían instalado
reformar,reformas,reformo,reformamos,reforma,reforman,reformaste,reformé,reformamos,reformó,reformaron,has reformado,he reformado,hemos reformado,ha reformado,han reformado,reformabas,reformaba,reformábamos,reformaba,reformaban,reformarás,reformaré,reformaremos,reformará,reformarán,habías reformado,había reformado,habíamos reformado,había reformado,habían reformado
